{
  "hash": "53899ba3",
  "configHash": "5eb79e4d",
  "lockfileHash": "2b28d4b8",
  "browserHash": "ef879713",
  "optimized": {
    "@angular/common": {
      "src": "../../../../../../node_modules/@angular/common/fesm2022/common.mjs",
      "file": "@angular_common.js",
      "fileHash": "316c7a4d",
      "needsInterop": false
    },
    "@angular/common/http": {
      "src": "../../../../../../node_modules/@angular/common/fesm2022/http.mjs",
      "file": "@angular_common_http.js",
      "fileHash": "6b031a24",
      "needsInterop": false
    },
    "@angular/core": {
      "src": "../../../../../../node_modules/@angular/core/fesm2022/core.mjs",
      "file": "@angular_core.js",
      "fileHash": "b068ef93",
      "needsInterop": false
    },
    "@angular/platform-browser": {
      "src": "../../../../../../node_modules/@angular/platform-browser/fesm2022/platform-browser.mjs",
      "file": "@angular_platform-browser.js",
      "fileHash": "cd85d857",
      "needsInterop": false
    },
    "@angular/router": {
      "src": "../../../../../../node_modules/@angular/router/fesm2022/router.mjs",
      "file": "@angular_router.js",
      "fileHash": "cca0206f",
      "needsInterop": false
    },
    "@bluehalo/ngx-leaflet": {
      "src": "../../../../../../../node_modules/@bluehalo/ngx-leaflet/fesm2022/bluehalo-ngx-leaflet.mjs",
      "file": "@bluehalo_ngx-leaflet.js",
      "fileHash": "9c80fea4",
      "needsInterop": false
    },
    "angular-datatables": {
      "src": "../../../../../../node_modules/angular-datatables/fesm2022/angular-datatables.mjs",
      "file": "angular-datatables.js",
      "fileHash": "f24d3ac2",
      "needsInterop": false
    },
    "chart.js/auto": {
      "src": "../../../../../../../node_modules/chart.js/auto/auto.js",
      "file": "chart__js_auto.js",
      "fileHash": "93e30a3c",
      "needsInterop": false
    },
    "leaflet": {
      "src": "../../../../../../../node_modules/leaflet/dist/leaflet-src.js",
      "file": "leaflet.js",
      "fileHash": "8bb328fa",
      "needsInterop": true
    },
    "rxjs": {
      "src": "../../../../../../node_modules/rxjs/dist/esm5/index.js",
      "file": "rxjs.js",
      "fileHash": "5bc859ad",
      "needsInterop": false
    },
    "@angular/forms": {
      "src": "../../../../../../node_modules/@angular/forms/fesm2022/forms.mjs",
      "file": "@angular_forms.js",
      "fileHash": "902bde4f",
      "needsInterop": false
    }
  },
  "chunks": {
    "chunk-EKLGJCWB": {
      "file": "chunk-EKLGJCWB.js"
    },
    "chunk-UYZIW4N3": {
      "file": "chunk-UYZIW4N3.js"
    },
    "chunk-CM3FE43M": {
      "file": "chunk-CM3FE43M.js"
    },
    "chunk-4IWATD2U": {
      "file": "chunk-4IWATD2U.js"
    },
    "chunk-ZSY7TSMJ": {
      "file": "chunk-ZSY7TSMJ.js"
    },
    "chunk-HCRZGAAH": {
      "file": "chunk-HCRZGAAH.js"
    },
    "chunk-TXDUYLVM": {
      "file": "chunk-TXDUYLVM.js"
    }
  }
}