[
    {
        "animal_id" : "053634",
        "name" : "Jasper",
        "animal_type": "Dog",
        "breed" : "German Shepherd",
        "sex" : "Male",
        "age" : "2 years",
        "color" : "Brown",
        "admittance" : "2024-02-14",
        "animal_status" : "Sheltered",
        "latitude": 30.342747,
        "longitude": -97.701719
    },{
        "animal_id" : "057458",
        "name" : "Blueberry",
        "animal_type": "Dog",
        "breed" : "Golden Retriever",
        "sex" : "Female",
        "age" : "5 Months",
        "color" : "Gold",
        "admittance" : "2024-05-12",
        "animal_status" : "Undergoing Adoption",
        "latitude": 30.303287,
        "longitude": -97.701605
    },{
        "animal_id" : "065842",
        "name" : "Bart",
        "animal_type": "Dog",
        "breed" : "Pug",
        "sex" : "Male",
        "age" : "10 Months",
        "color" : "Gold",
        "admittance" : "2024-12-16",
        "animal_status" : "Sheltered",
        "latitude": 30.302793,
        "longitude": -97.746745
    },{
        "animal_id" : "097129",
        "name" : "Clementine",
        "animal_type": "Cat",
        "breed" : "Cat",
        "sex" : "Female",
        "age" : "2 Months",
        "color" : "Orange",
        "admittance" : "2025-01-12",
        "animal_status" : "Undergoing Adoption",
        "latitude": 30.295967,
        "longitude": -97.767941
    },{
        "animal_id" : "054738",
        "name" : "Charlie",
        "animal_type": "Dog",
        "breed" : "Golden Retriever",
        "sex" : "Male",
        "age" : "11 Months",
        "color" : "Gold",
        "admittance" : "2023-12-12",
        "animal_status" : "Sheltered",
        "latitude": 30.303287,
        "longitude": -97.701605
    },{
        "animal_id" : "573965",
        "name" : "Jasmine",
        "animal_type": "Dog",
        "breed" : "Huskey",
        "sex" : "Female",
        "age" : "4 Years",
        "color" : "Silver",
        "admittance" : "2024-01-12",
        "animal_status" : "Undergoing Adoption",
        "latitude": 30.295967,
        "longitude": -97.767941
    },{
        "animal_id" : "528493",
        "name" : "Thorne",
        "animal_type": "Dog",
        "breed" : "Jack Russel Terrier",
        "sex" : "Male",
        "age" : "10 Years",
        "color" : "White",
        "admittance" : "2022-04-20",
        "animal_status" : "Sheltered",
        "latitude": 30.303287,
        "longitude": -97.701605
    },{
        "animal_id" : "294546",
        "name" : "Jerry",
        "animal_type": "Cat",
        "breed" : "Cat",
        "sex" : "Male",
        "age" : "1 Month",
        "color" : "Black",
        "admittance" : "2025-01-02",
        "animal_status" : "Undergoing Adoption",
        "latitude": 30.303287,
        "longitude": -97.701605
    },{
        "animal_id" : "209421",
        "name" : "Cookie",
        "animal_type": "Dog",
        "breed" : "Corgi",
        "sex" : "Female",
        "age" : "3 Years",
        "color" : "Brown",
        "admittance" : "2024-09-13",
        "animal_status" : "Sheltered",
        "latitude": 30.302793,
        "longitude": -97.746745
    },{
        "animal_id" : "096172",
        "name" : "Jack",
        "animal_type": "Dog",
        "breed" : "Chawawa",
        "sex" : "Female",
        "age" : "6 Months",
        "color" : "Tan",
        "admittance" : "2024-10-26",
        "animal_status" : "Undergoing Adoption",
        "latitude": 30.302793,
        "longitude": -97.746745
    },{
        "animal_id" : "407182",
        "name" : "Kio",
        "animal_type": "Dog",
        "breed" : "German Shepherd",
        "sex" : "Female",
        "age" : "1 Year",
        "color" : "Black",
        "admittance" : "2024-02-04",
        "animal_status" : "Agressive",
        "latitude": 30.295967,
        "longitude": -97.767941
    },{
        "animal_id" : "468165",
        "name" : "Max",
        "animal_type": "Dog",
        "breed" : "English Shepherd",
        "sex" : "Male",
        "age" : "3 Years",
        "color" : "Silver w/ Brown Spots",
        "admittance" : "2022-12-28",
        "animal_status" : "Sheltered",
        "latitude": 30.295967,
        "longitude": -97.767941
    },{
        "animal_id": "471856",
        "name": "Jaz",
        "animal_type": "Dog",
        "breed": "Pitbull",
        "sex": "Female",
        "age": "6 Years",
        "color": "White w/ brown spots",
        "admittance": "2024-04-05",
        "animal_status": "Adopted",
        "latitude": 30.542,
        "longitude": -97.40528
    },
    {
        "animal_id": "416820",
        "name": "Bartholemu",
        "animal_type": "Dog",
        "breed": "Mutt",
        "sex": "Female",
        "age": "3 Years",
        "color": "White w/ brown spots",
        "admittance": "2023-04-05",
        "animal_status": "Sheltered",
        "latitude": 30.542,
        "longitude": -97.40528
    }
]